entry,settle,S0,sigma,premium,total,vrp,residual,stock_cost,entry_cost,realized_vol,total_per_100,vrp_per_100,residual_per_100,stock_cost_per_100,premium_per_100
2005-01-03,2005-02-02,120.3,0.1408,3.86797,1.05232,0.88282,0.2413,0.0717984,0,0.0989215,0.874748,0.733849,0.200582,0.0596828,3.21527
2005-02-01,2005-03-03,118.91,0.1203,3.26658,0.20574,0.31885,-0.0163758,0.0967348,0,0.101195,0.173021,0.268144,-0.0137716,0.0813513,2.7471
2005-03-01,2005-03-31,121.23,0.1204,3.33321,0.00150904,0.279319,-0.200068,0.0777413,0,0.107344,0.00124477,0.230404,-0.165032,0.0641271,2.74949
2005-04-01,2005-04-29,117.43,0.1409,3.65015,-0.227464,-0.246769,0.121771,0.102466,0,0.155826,-0.193702,-0.210141,0.103697,0.0872572,3.10836
2005-05-02,2005-06-01,116.4,0.1512,4.0182,0.858315,1.0591,-0.125413,0.0753668,0,0.099393,0.737384,0.909875,-0.107743,0.0647481,3.45206
2005-06-01,2005-07-01,120.5,0.1236,3.40101,1.42139,1.39709,0.117865,0.093566,0,0.0749599,1.17958,1.15941,0.0978135,0.0776481,2.82242
2005-07-01,2005-07-29,119.53,0.114,3.00653,0.151408,0.346889,-0.132406,0.0630756,0,0.0863945,0.126669,0.290211,-0.110772,0.0527697,2.5153
2005-08-01,2005-08-31,123.65,0.1208,3.41137,0.76073,0.736566,0.112409,0.0882464,0,0.1017,0.615228,0.595687,0.0909094,0.0713679,2.75889
2005-09-01,2005-09-30,122.49,0.1315,3.61661,1.84455,1.70431,0.209707,0.0694708,0,0.0831636,1.50588,1.39139,0.171203,0.0567155,2.95257
2005-10-03,2005-11-02,122.6,0.1246,3.48859,-0.430414,-0.540892,0.194217,0.0837386,0,0.156067,-0.351072,-0.441184,0.158415,0.0683023,2.8455
2005-11-01,2005-12-01,120.49,0.1485,4.08553,0.662691,0.908966,-0.192622,0.0536525,0,0.084194,0.549997,0.754391,-0.159866,0.0445286,3.39076
2005-12-01,2005-12-30,126.69,0.1124,3.20087,1.28975,1.29608,0.0889082,0.0952341,0,0.0719282,1.01804,1.02303,0.0701777,0.0751709,2.52653
2006-01-03,2006-02-02,126.7,0.1114,3.22695,0.192782,0.302884,-0.00148652,0.108616,0,0.102966,0.152157,0.239056,-0.00117326,0.0857266,2.54692
2006-02-01,2006-03-03,128.39,0.1236,3.62816,1.14385,1.03243,0.226871,0.115443,0,0.0966193,0.890922,0.804134,0.176704,0.089916,2.82589
2006-03-01,2006-03-31,129.37,0.1154,3.41505,1.81809,1.54521,0.364778,0.0918927,0,0.0777536,1.40534,1.19441,0.281965,0.0710309,2.63975
2006-04-03,2006-05-03,129.73,0.1157,3.43334,0.763082,0.782474,0.083355,0.102747,0,0.0911615,0.588208,0.603156,0.0642527,0.0792007,2.64652
2006-05-01,2006-05-31,130.4,0.1254,3.73951,-0.801047,-0.629574,-0.0708396,0.100633,0,0.145416,-0.6143,-0.482802,-0.0543249,0.0771728,2.86772
2006-06-01,2006-06-30,128.73,0.1452,4.20017,-0.272674,0.239214,-0.43215,0.0797393,0,0.153611,-0.211819,0.185827,-0.335702,0.061943,3.26277
2006-07-03,2006-08-02,127.8,0.1305,3.81366,0.77419,0.517082,0.360262,0.103154,0,0.127365,0.605783,0.404603,0.281895,0.0807149,2.98408
2006-08-01,2006-08-31,127.22,0.1505,4.37568,1.51663,1.72992,-0.143567,0.069723,0,0.0697484,1.19214,1.35979,-0.11285,0.0548051,3.43946
2006-09-01,2006-09-29,131.42,0.1196,3.47426,1.23934,1.22072,0.115535,0.0969149,0,0.0745177,0.943037,0.928869,0.0879128,0.0737444,2.64363
2006-10-02,2006-11-01,133.08,0.1257,3.82552,0.590561,0.8476,-0.197802,0.0592372,0,0.0682792,0.443764,0.63691,-0.148634,0.0445125,2.8746
2006-11-01,2006-12-01,136.86,0.1151,3.60563,0.507992,0.627949,-0.0408959,0.0790617,0,0.0853103,0.371176,0.458826,-0.0298815,0.0577683,2.63454
2006-12-01,2006-12-29,140.22,0.1166,3.61503,1.73223,1.36267,0.461803,0.0922354,0,0.0702516,1.23537,0.971805,0.329342,0.0657791,2.57811
2007-01-03,2007-02-02,141.37,0.1204,3.89438,1.21423,1.38396,-0.0667109,0.103017,0,0.0802853,0.858905,0.978964,-0.0471889,0.0728703,2.75474
2007-02-01,2007-03-02,144.61,0.1031,3.35842,-4.18458,-6.07305,1.99648,0.108006,0,0.162066,-2.8937,-4.19961,1.3806,0.0746878,2.3224
2007-03-01,2007-03-30,140.51,0.1582,4.99419,0.629571,0.804997,-0.0602485,0.115178,0,0.142784,0.448061,0.572911,-0.0428785,0.0819712,3.55433
2007-04-02,2007-05-02,142.16,0.1453,4.72128,0.718114,0.96268,-0.18115,0.0634156,0,0.0839777,0.505145,0.67718,-0.127427,0.0446086,3.3211
2007-05-01,2007-05-31,148.67,0.1351,4.59232,1.0342,1.37215,-0.24762,0.090326,0,0.0841038,0.695637,0.92295,-0.166557,0.060756,3.08894
2007-06-01,2007-06-29,154.08,0.1278,4.35083,-0.71534,-0.474545,-0.117551,0.123243,0,0.147571,-0.464265,-0.307986,-0.0762921,0.0799866,2.82375
2007-07-02,2007-08-01,151.79,0.154,5.34138,-1.10958,-1.15554,0.172029,0.12607,0,0.16928,-0.730999,-0.761278,0.113334,0.0830555,3.51892
2007-08-01,2007-08-31,146.43,0.2367,7.91085,0.672194,0.676043,0.1341,0.137949,0,0.232371,0.459055,0.461683,0.0915796,0.094208,5.40248
2007-09-04,2007-10-04,149.08,0.2278,7.75178,2.71636,2.74242,0.0701122,0.0961772,0,0.141487,1.82208,1.83956,0.0470299,0.0645138,5.19974
2007-10-01,2007-10-31,154.3,0.1784,6.28509,2.22808,1.63485,0.70772,0.114487,0,0.139128,1.44399,1.05952,0.458665,0.0741979,4.07329
2007-11-01,2007-11-30,151.03,0.2321,7.86714,-0.275129,0.0714073,-0.240219,0.106318,0,0.253912,-0.182169,0.0472802,-0.159054,0.070395,5.20899
2007-12-03,2008-01-02,147.68,0.2361,7.95915,3.18223,3.68045,-0.400495,0.097723,0,0.169847,2.15482,2.49218,-0.271191,0.0661721,5.38946
2008-01-02,2008-02-01,144.93,0.2317,7.665,0.0522653,-0.00463102,0.130718,0.0738219,0,0.231611,0.0360624,-0.00319535,0.0901941,0.0509363,5.28876
2008-02-01,2008-02-29,139.58,0.2402,7.39639,2.62072,2.2118,0.494761,0.0858411,0,0.172499,1.87757,1.58461,0.354464,0.0614996,5.29903
2008-03-03,2008-04-02,133.5,0.2628,8.01132,-2.40793,-1.59627,-0.65286,0.158809,0,0.28723,-1.8037,-1.1957,-0.489034,0.118958,6.00099
2008-04-01,2008-05-01,136.61,0.2268,7.07634,2.59989,2.33496,0.337513,0.0725884,0,0.151447,1.90315,1.70922,0.247063,0.0531355,5.17995
2008-05-01,2008-05-30,141.12,0.1888,5.98366,2.61898,2.18798,0.51407,0.0830757,0,0.131626,1.85585,1.55044,0.364279,0.0588688,4.24012
2008-06-02,2008-07-02,138.9,0.1983,6.28983,-0.784759,-0.457489,-0.245295,0.0819743,0,0.209673,-0.564981,-0.329366,-0.176599,0.0590168,4.52832
2008-07-01,2008-07-31,128.38,0.2365,6.93238,0.119904,0.591607,-0.367925,0.103777,0,0.220806,0.093398,0.460825,-0.286591,0.0808361,5.39989
2008-08-01,2008-08-29,126.16,0.2257,6.28231,0.933046,1.04261,0.00857092,0.118131,0,0.198933,0.739573,0.826416,0.00679369,0.0936358,4.97964
2008-09-02,2008-10-02,127.99,0.2199,6.42692,-5.4395,-6.01282,0.677682,0.104361,0,0.495926,-4.24994,-4.69788,0.529481,0.0815387,5.02143
2008-10-01,2008-10-31,116.06,0.3981,10.5499,-2.47301,-2.73231,0.307032,0.0477407,0,0.91613,-2.13081,-2.35422,0.264546,0.0411345,9.09007
2008-11-03,2008-12-03,97.11,0.5368,11.8974,-3.06396,-3.67096,0.676887,0.0698852,0,0.756821,-3.15515,-3.78021,0.697031,0.0719649,12.2515
2008-12-01,2008-12-31,82.11,0.6851,12.8305,6.7151,6.50119,0.266347,0.0524388,0,0.343723,8.17818,7.91766,0.324379,0.0638641,15.626
2009-01-02,2009-01-30,92.96,0.3919,8.03927,0.490121,0.606171,-0.0741331,0.0419164,0,0.376838,0.527239,0.652077,-0.0797473,0.0450908,8.6481
2009-02-02,2009-03-04,82.58,0.4552,8.58165,1.21212,1.5552,-0.291884,0.0512007,0,0.381968,1.46781,1.88327,-0.353457,0.0620013,10.3919
2009-03-02,2009-04-01,70.6,0.5265,8.48204,0.454564,0.210937,0.290815,0.047188,0,0.462258,0.643858,0.298778,0.411919,0.0668385,12.0142
2009-04-01,2009-05-01,81.06,0.4228,7.82534,1.98832,2.1055,-0.0601589,0.0570282,0,0.291646,2.45289,2.59746,-0.0742152,0.0703531,9.65377
2009-05-01,2009-05-29,87.89,0.353,6.84697,1.61028,1.95506,-0.271537,0.0732497,0,0.275404,1.83215,2.22444,-0.308951,0.0833425,7.79038
2009-06-01,2009-07-01,94.77,0.3004,6.50463,2.34254,2.53801,-0.138928,0.056537,0,0.182922,2.47182,2.67807,-0.146594,0.0596571,6.8636
2009-07-01,2009-07-31,92.33,0.2622,5.53201,0.483218,0.641046,-0.0976078,0.060221,0,0.206181,0.523359,0.694299,-0.105716,0.0652236,5.99156
2009-08-03,2009-09-02,100.44,0.2556,5.86672,2.43322,2.30829,0.188499,0.0635645,0,0.172549,2.42256,2.29818,0.187674,0.063286,5.84102
2009-09-01,2009-10-01,100.2,0.2915,6.67396,2.33474,2.31482,0.0684281,0.0485132,0,0.157131,2.33008,2.3102,0.0682915,0.0484163,6.66064
2009-10-01,2009-10-30,102.97,0.2827,6.54049,1.59,1.50146,0.152896,0.0643577,0,0.19932,1.54414,1.45816,0.148486,0.0625014,6.35184
2009-11-02,2009-12-02,104.32,0.2978,7.09917,1.88269,2.2828,-0.345851,0.0542639,0,0.156826,1.80472,2.18827,-0.331529,0.0520168,6.80519
2009-12-01,2009-12-31,111.3,0.2192,5.57688,4.08005,3.53027,0.605591,0.0558193,0,0.0950322,3.66581,3.17185,0.544107,0.0501521,5.01068
2010-01-04,2010-02-03,113.33,0.2004,5.19205,0.686135,0.658434,0.101279,0.0735784,0,0.163681,0.605431,0.580988,0.0893665,0.064924,4.58136
2010-02-01,2010-03-03,109.06,0.2259,5.6314,1.78086,2.06367,-0.201187,0.0816195,0,0.16112,1.63292,1.89223,-0.184473,0.0748391,5.16358
2010-03-01,2010-03-31,111.89,0.1926,4.92649,1.65189,1.57789,0.12526,0.0512555,0,0.0852891,1.47636,1.41021,0.111949,0.0458089,4.40298
2010-04-01,2010-04-30,117.8,0.1747,4.62598,0.573142,1.01112,-0.342022,0.0959545,0,0.149851,0.486538,0.858334,-0.290341,0.0814554,3.92697
2010-05-03,2010-06-02,120.35,0.2019,5.55451,-1.738,-1.81535,0.146577,0.0692309,0,0.327703,-1.44412,-1.50839,0.121792,0.0575246,4.61529
2010-06-01,2010-07-01,107.53,0.3554,8.73143,2.91859,2.78015,0.22261,0.0841695,0,0.254544,2.71421,2.58547,0.207021,0.0782753,8.11999
2010-07-01,2010-07-30,102.76,0.3286,7.58583,1.47226,1.80118,-0.26877,0.0601561,0,0.202361,1.43271,1.7528,-0.261551,0.0585404,7.38208
2010-08-02,2010-09-01,112.76,0.2201,5.67294,0.760635,0.827628,-0.0082422,0.0587507,0,0.192627,0.674561,0.733973,-0.00730951,0.0521024,5.03099
2010-09-01,2010-10-01,108.46,0.2389,5.92226,1.72504,1.57371,0.208261,0.0569294,0,0.132569,1.59049,1.45096,0.192017,0.0524889,5.46032
2010-10-01,2010-10-29,114.61,0.225,5.69462,2.07055,2.32004,-0.18564,0.0638567,0,0.108021,1.8066,2.02429,-0.161975,0.0557165,4.9687
2010-11-01,2010-12-01,118.53,0.2183,5.91466,1.12615,1.00964,0.186719,0.0702085,0,0.163737,0.950096,0.8518,0.157529,0.0592327,4.99001
2010-12-01,2010-12-31,121.01,0.2136,5.90832,2.67195,2.57447,0.152721,0.0552401,0,0.06697,2.20804,2.12748,0.126206,0.0456492,4.88251
2011-01-03,2011-02-02,127.05,0.1761,5.11518,1.71355,1.88658,-0.0786993,0.0943298,0,0.108475,1.34872,1.48491,-0.0619436,0.0742462,4.02612
2011-02-01,2011-03-03,130.74,0.1763,5.26958,0.89389,0.872787,0.10763,0.0865265,0,0.128869,0.683716,0.667575,0.0823233,0.0661821,4.03058
2011-03-01,2011-03-31,130.93,0.2101,6.28818,2.30805,2.53965,-0.121805,0.109801,0,0.157467,1.76281,1.9397,-0.0930304,0.083862,4.8027
2011-04-01,2011-04-29,133.15,0.174,5.11774,2.29141,2.42655,-0.0480055,0.0871308,0,0.0891936,1.72092,1.82242,-0.0360537,0.0654381,3.84359
2011-05-02,2011-06-01,136.22,0.1599,4.98072,1.14783,0.0100135,1.21587,0.0780508,0,0.132212,0.842631,0.00735099,0.892577,0.0572976,3.65638
2011-06-01,2011-07-01,131.87,0.183,5.51744,-0.285899,0.0426986,-0.250661,0.0779368,0,0.155772,-0.216804,0.0323793,-0.190082,0.0591012,4.184
2011-07-01,2011-07-29,133.92,0.1587,4.69539,-0.061813,-0.160718,0.216962,0.118057,0,0.146659,-0.0461567,-0.12001,0.162008,0.0881548,3.50612
2011-08-01,2011-08-31,128.78,0.2366,6.96447,-3.48632,-4.31506,0.893272,0.06453,0,0.479049,-2.70719,-3.35072,0.693642,0.0501087,5.40804
2011-09-01,2011-09-30,120.94,0.3182,8.64642,0.906449,0.564361,0.43196,0.0898717,0,0.293291,0.749503,0.466645,0.357169,0.074311,7.14935
2011-10-03,2011-11-02,109.93,0.4545,11.4113,1.8566,2.20972,-0.29715,0.0559671,0,0.299061,1.68889,2.01011,-0.270308,0.0509116,10.3806
2011-11-01,2011-12-01,122,0.3477,9.69255,0.884531,1.15707,-0.157165,0.115378,0,0.28422,0.725025,0.948421,-0.128824,0.0945718,7.94471
2011-12-01,2011-12-30,124.97,0.2741,7.69742,3.77479,3.51098,0.357931,0.0941232,0,0.188787,3.02056,2.80946,0.286413,0.0753166,6.15941
2012-01-03,2012-02-02,127.5,0.2297,6.69457,3.11286,3.26958,-0.096966,0.059752,0,0.0781042,2.44146,2.56438,-0.0760518,0.0468643,5.25065
2012-02-01,2012-03-02,132.47,0.1855,5.61814,1.85792,2.13619,-0.211037,0.0672375,0,0.0834757,1.40252,1.61259,-0.159309,0.0507568,4.24107
2012-03-01,2012-03-30,137.73,0.1726,5.34406,1.65899,1.66385,0.0857355,0.0906051,0,0.117915,1.20452,1.20806,0.062249,0.0657845,3.8801
2012-04-02,2012-05-02,141.84,0.1564,5.07279,1.0054,1.16251,-0.0603821,0.0967297,0,0.137854,0.708824,0.819591,-0.0425706,0.0681964,3.57642
2012-05-01,2012-05-31,140.74,0.166,5.3419,0.501076,0.460168,0.0958063,0.0548987,0,0.136822,0.35603,0.326963,0.0680733,0.0390071,3.79558
2012-06-01,2012-06-29,128.16,0.2666,7.54442,2.57937,2.28997,0.369959,0.0805671,0,0.188974,2.01261,1.78681,0.28867,0.0628645,5.88672
2012-07-02,2012-08-01,136.51,0.168,5.24385,1.00044,1.08106,0.0396527,0.120273,0,0.137805,0.732872,0.791931,0.0290475,0.0881059,3.84137
2012-08-01,2012-08-31,137.59,0.1896,5.96394,2.17107,2.40331,-0.163852,0.0683945,0,0.0932311,1.57792,1.74672,-0.119087,0.0497089,4.33457
2012-09-04,2012-10-04,141.03,0.1798,5.79739,1.98202,1.67697,0.390567,0.0855082,0,0.115596,1.40539,1.18908,0.276939,0.0606312,4.11075
2012-10-01,2012-10-31,144.35,0.1632,5.38673,1.60734,1.81638,-0.122401,0.0866438,0,0.105993,1.1135,1.25832,-0.0847945,0.0600234,3.73171
2012-11-01,2012-11-30,142.83,0.1669,5.35911,1.59629,1.22956,0.448951,0.0822193,0,0.148281,1.11762,0.860858,0.314325,0.0575645,3.75209
2012-12-03,2013-01-02,141.45,0.1664,5.38192,0.517613,-0.599549,1.21656,0.0994008,0,0.148197,0.365934,-0.423859,0.860065,0.0702727,3.80482
2013-01-02,2013-02-01,146.06,0.1468,4.90394,1.87115,2.1166,-0.175212,0.0702313,0,0.0664315,1.28108,1.44913,-0.119959,0.0480839,3.35748
2013-02-01,2013-03-01,151.24,0.129,4.31172,-0.362596,0.00604642,-0.229988,0.138654,0,0.12504,-0.239749,0.0039979,-0.152068,0.0916784,2.85091
2013-03-01,2013-03-28,152.11,0.1536,5.0688,1.98353,1.69838,0.372434,0.0872865,0,0.0843512,1.30401,1.11655,0.244845,0.0573838,3.33232
2013-04-01,2013-05-01,156.05,0.1358,4.84721,-0.778536,-0.311783,-0.304054,0.1627,0,0.146126,-0.498902,-0.199797,-0.194844,0.104261,3.10619
2013-05-01,2013-05-31,158.28,0.1449,5.24537,0.329283,0.707684,-0.307126,0.0712748,0,0.103223,0.208038,0.447109,-0.19404,0.0450308,3.31398
2013-06-03,2013-07-03,164.35,0.1628,6.11833,-1.0234,-0.454178,-0.422564,0.146662,0,0.167,-0.622698,-0.276348,-0.257113,0.0892376,3.72274
2013-07-01,2013-07-31,161.36,0.1637,6.04046,0.943924,1.30871,-0.293873,0.0709176,0,0.0772403,0.58498,0.811053,-0.182122,0.0439499,3.74347
2013-08-01,2013-08-30,170.66,0.1294,4.96673,0.945612,0.943335,0.0914343,0.089158,0,0.10126,0.554091,0.552757,0.0535769,0.0522431,2.91031
2013-09-03,2013-10-03,164.39,0.1661,6.2439,2.32406,1.83559,0.569624,0.0811564,0,0.0995845,1.41375,1.11661,0.346508,0.0493682,3.79822
2013-10-01,2013-10-31,169.34,0.1554,6.01813,0.111515,0.507319,-0.272165,0.123639,0,0.128434,0.0658527,0.299586,-0.160721,0.0730126,3.55388
2013-11-01,2013-11-29,176.21,0.1328,5.17117,0.86404,1.13764,-0.160964,0.112641,0,0.0902778,0.490347,0.645619,-0.0913478,0.0639244,2.93466
2013-12-02,2013-12-31,180.53,0.1423,5.77657,1.81946,2.00213,-0.0559933,0.126675,0,0.09635,1.00784,1.10903,-0.0310161,0.0701686,3.19978
2014-01-02,2014-01-31,182.92,0.1423,5.8529,0.330783,0.40578,0.0564794,0.131476,0,0.124904,0.180835,0.221834,0.0308765,0.0718764,3.19971
2014-02-03,2014-03-05,174.17,0.2144,8.53646,1.4619,1.91017,-0.370365,0.0778954,0,0.107172,0.839355,1.09672,-0.212646,0.0447238,4.90122
2014-03-03,2014-04-02,184.98,0.16,6.7678,2.91844,2.94816,0.126284,0.155998,0,0.102624,1.57771,1.59377,0.0682691,0.0843326,3.65867
2014-04-01,2014-05-01,188.25,0.131,5.64084,2.07567,1.25269,0.946198,0.123215,0,0.12632,1.10261,0.665439,0.502628,0.0654526,2.99646
2014-05-01,2014-05-30,188.33,0.1325,5.6119,1.80508,2.1787,-0.2306,0.14302,0,0.0824394,0.958466,1.15685,-0.122445,0.0759409,2.97982
2014-06-02,2014-07-02,192.9,0.1158,5.11058,2.36151,2.09749,0.386125,0.122106,0,0.0623985,1.22422,1.08735,0.200169,0.0632999,2.64934
2014-07-01,2014-07-31,197.03,0.1115,5.0266,-0.606933,-2.63062,2.14047,0.116782,0,0.102223,-0.308041,-1.33514,1.08637,0.0592713,2.55119
2014-08-01,2014-08-29,192.5,0.1703,7.24202,1.94803,2.39683,-0.345436,0.103364,0,0.0835841,1.01196,1.24511,-0.179447,0.0536956,3.76209
2014-09-02,2014-10-02,200.61,0.1225,5.62171,0.935905,0.7415,0.362525,0.16812,0,0.105504,0.466529,0.369623,0.180711,0.0838045,2.80231
2014-10-01,2014-10-31,194.35,0.1671,7.42608,-0.912899,-0.628824,-0.0868662,0.197209,0,0.180717,-0.469719,-0.323552,-0.0446958,0.101471,3.82098
2014-11-03,2014-12-03,201.77,0.1473,6.79717,2.71664,2.94248,-0.133679,0.0921566,0,0.057737,1.3464,1.45833,-0.066253,0.0456741,3.36877
2014-12-01,2014-12-31,205.76,0.1416,6.66363,0.427775,0.224661,0.370342,0.167228,0,0.152401,0.2079,0.109186,0.179987,0.0812735,3.23854
2015-01-02,2015-01-30,205.43,0.1779,8.07301,0.677079,0.646989,0.212989,0.182899,0,0.168626,0.329591,0.314944,0.10368,0.0890325,3.92981
2015-02-02,2015-03-04,201.92,0.1943,8.96974,2.00718,2.50658,-0.404223,0.0951801,0,0.0926455,0.994047,1.24137,-0.20019,0.0471375,4.44223
2015-03-02,2015-04-01,211.99,0.1304,6.32324,-0.554565,-0.455591,0.0620973,0.161071,0,0.139202,-0.2616,-0.214912,0.0292925,0.0759804,2.9828
2015-04-01,2015-05-01,205.7,0.1511,7.10801,2.14575,2.37584,-0.117563,0.112525,0,0.0913322,1.04315,1.155,-0.0571526,0.0547036,3.45552
2015-05-01,2015-05-29,210.72,0.127,5.91436,1.98756,1.51697,0.632383,0.161791,0,0.0992739,0.943225,0.719899,0.300106,0.0767799,2.80674
2015-06-01,2015-07-01,211.57,0.1397,6.76015,0.70765,0.672288,0.209158,0.173796,0,0.119971,0.334476,0.317762,0.0988597,0.0821458,3.19523
2015-07-01,2015-07-31,207.5,0.1609,7.63488,1.97726,2.26787,-0.113118,0.177488,0,0.115186,0.952898,1.09295,-0.0545148,0.0855364,3.67946
2015-08-03,2015-09-02,209.79,0.1256,6.02756,-1.3886,-2.22457,0.971695,0.135731,0,0.295311,-0.661902,-1.06038,0.463175,0.0646985,2.87314
2015-09-01,2015-10-01,191.77,0.314,13.7598,8.40342,6.69922,1.81931,0.115103,0,0.202153,4.38203,3.49336,0.948693,0.0600215,7.17517
2015-10-01,2015-10-30,192.13,0.2255,9.73736,1.11014,1.5537,-0.349273,0.0942843,0,0.142082,0.577808,0.808671,-0.18179,0.0490732,5.06811
2015-11-02,2015-12-02,210.39,0.1415,6.8088,1.4534,1.59285,-0.0123212,0.127128,0,0.118792,0.690811,0.757092,-0.00585638,0.0604249,3.23628
2015-12-01,2015-12-31,210.68,0.1467,7.06715,-2.76981,-2.08263,-0.508675,0.178509,0,0.189001,-1.3147,-0.988527,-0.241444,0.0847301,3.35445
2016-01-04,2016-02-03,201.02,0.207,9.51162,-0.766345,-0.711035,0.0583718,0.113682,0,0.232313,-0.381228,-0.353713,0.0290378,0.0565527,4.73168
2016-02-01,2016-03-02,193.65,0.1998,8.84349,-0.59212,-0.849553,0.459606,0.202173,0,0.198304,-0.305768,-0.438705,0.237338,0.104401,4.56674
2016-03-01,2016-03-31,198.11,0.177,8.01558,3.25842,2.96615,0.397576,0.105307,0,0.0912194,1.64475,1.49723,0.200685,0.0531557,4.04602
2016-04-01,2016-04-29,206.92,0.131,5.98931,2.16254,2.05561,0.242507,0.135583,0,0.101216,1.04511,0.993434,0.117198,0.0655244,2.8945
2016-05-02,2016-06-01,207.97,0.1468,6.98137,2.60428,2.64792,0.113299,0.15694,0,0.105529,1.25224,1.27322,0.0544786,0.0754629,3.35691
2016-06-01,2016-07-01,210.27,0.142,6.8272,-2.6479,-3.2903,0.80805,0.165654,0,0.1904,-1.25929,-1.5648,0.384291,0.0787815,3.24687
2016-07-01,2016-07-29,209.92,0.1477,6.8493,1.36628,1.7481,-0.278026,0.103796,0,0.0788411,0.650858,0.832747,-0.132444,0.0494453,3.26281
2016-08-01,2016-08-31,216.94,0.1244,6.17236,4.36779,4.01748,0.461297,0.110988,0,0.0563974,2.01336,1.85189,0.212638,0.0511607,2.84519
2016-09-01,2016-09-30,217.39,0.1348,6.58818,-0.866203,-0.591399,-0.0484956,0.226309,0,0.145211,-0.398456,-0.272045,-0.0223081,0.104103,3.03058
2016-10-03,2016-11-02,215.78,0.1357,6.69575,3.03139,3.09741,0.0686576,0.13468,0,0.0747772,1.40485,1.43545,0.0318183,0.0624154,3.10304
2016-11-01,2016-12-01,211.01,0.1856,8.9517,1.63541,2.1388,-0.396221,0.107176,0,0.104249,0.775037,1.0136,-0.187774,0.0507918,4.24231
2016-12-01,2016-12-30,219.57,0.1407,6.94405,2.29617,1.82629,0.584036,0.114151,0,0.0847545,1.04576,0.831756,0.265991,0.0519886,3.16257
2017-01-03,2017-02-02,225.24,0.1285,6.61739,3.35568,3.44558,0.0330343,0.122941,0,0.0592324,1.48982,1.52974,0.0146663,0.0545822,2.93793
2017-02-01,2017-03-03,227.62,0.1181,6.14653,0.877577,1.40361,-0.427302,0.0987265,0,0.0748188,0.385545,0.616644,-0.187726,0.0433734,2.70035
2017-03-01,2017-03-31,239.78,0.1254,6.87345,1.91265,2.07348,-0.0285842,0.132254,0,0.0740863,0.797667,0.864744,-0.011921,0.0551563,2.86657
2017-04-03,2017-05-03,235.33,0.1238,6.65905,2.51714,2.81212,-0.133126,0.161863,0,0.071044,1.06962,1.19497,-0.0565699,0.0687812,2.82966
2017-05-01,2017-05-31,238.68,0.1011,5.51615,0.965861,1.31632,-0.171148,0.179307,0,0.0779153,0.404668,0.551498,-0.071706,0.0751244,2.31111
2017-06-01,2017-06-30,243.36,0.0989,5.40853,0.841811,1.00823,0.0677691,0.234193,0,0.0728295,0.345912,0.414298,0.0278473,0.0962333,2.22244
2017-07-03,2017-08-02,242.21,0.1122,6.21029,1.81512,2.19323,-0.253773,0.124336,0,0.0560146,0.7494,0.905508,-0.104774,0.0513341,2.56401
2017-08-01,2017-08-31,247.32,0.1009,5.70263,0.785872,0.17478,0.78243,0.171338,0,0.0963543,0.317755,0.0706696,0.316363,0.0692778,2.30577
2017-09-01,2017-09-29,247.84,0.1013,5.5435,2.95192,2.79993,0.299215,0.147228,0,0.0569121,1.19106,1.12973,0.120729,0.0594043,2.23672
2017-10-02,2017-11-01,252.32,0.0945,5.44945,1.45347,1.73299,-0.146538,0.132986,0,0.0513567,0.576041,0.686823,-0.0580761,0.0527053,2.15974
2017-11-01,2017-12-01,257.49,0.102,6.00131,1.84944,2.00952,-0.000166101,0.159915,0,0.067676,0.718257,0.780427,-6.45076e-05,0.0621054,2.3307
2017-12-01,2017-12-29,264.46,0.1143,6.67252,3.5754,3.59463,0.123223,0.142452,0,0.0474362,1.35196,1.35923,0.0465942,0.0538652,2.52307
2018-01-02,2018-02-01,268.77,0.0977,5.99894,-0.218584,0.239567,-0.343988,0.114162,0,0.0914631,-0.0813276,0.0891345,-0.127986,0.0424759,2.232
2018-02-01,2018-03-02,281.58,0.1347,8.51907,-5.71934,-7.2317,1.69643,0.18407,0,0.272849,-2.03116,-2.56826,0.602468,0.0653702,3.02545
2018-03-01,2018-03-29,267.7,0.2247,13.2736,1.08413,0.390724,0.912578,0.219175,0,0.199588,0.404978,0.145956,0.340896,0.0818733,4.95837
2018-04-02,2018-05-02,257.47,0.2362,13.8879,4.18166,4.51198,-0.156782,0.173541,0,0.152331,1.62413,1.75243,-0.0608933,0.0674023,5.39398
2018-05-01,2018-05-31,264.98,0.1549,9.37405,2.21975,2.16471,0.19934,0.144296,0,0.105614,0.837705,0.816932,0.0752283,0.0544553,3.53764
2018-06-01,2018-06-29,273.6,0.1346,8.12639,3.54182,3.08263,0.640459,0.181264,0,0.0819705,1.29453,1.12669,0.234086,0.0662516,2.97017
2018-07-02,2018-08-01,271.86,0.156,9.68549,2.11004,2.58524,-0.336258,0.138939,0,0.0870391,0.77615,0.950945,-0.123688,0.0511068,3.56268
2018-08-01,2018-08-31,280.86,0.1315,8.43488,2.10216,2.70386,-0.433534,0.168162,0,0.0750397,0.748473,0.962707,-0.154359,0.059874,3.00323
2018-09-04,2018-10-04,289.81,0.1316,8.71035,6.31234,5.1675,1.30182,0.156983,0,0.0628852,2.1781,1.78307,0.449198,0.0541676,3.00554
2018-10-01,2018-10-31,291.73,0.12,7.99512,-2.43003,-3.27162,0.969666,0.128083,0,0.234324,-0.832973,-1.12145,0.332385,0.0439047,2.74059
2018-11-01,2018-11-30,273.51,0.1934,11.8758,0.573688,0.944548,-0.166939,0.203921,0,0.184301,0.20975,0.345343,-0.061036,0.074557,4.34201
2018-12-03,2019-01-02,279.3,0.1644,10.485,-3.98417,-2.84569,-1.02897,0.109512,0,0.289628,-1.42648,-1.01886,-0.36841,0.0392093,3.75404
2019-01-02,2019-02-01,250.18,0.2322,13.2617,0.868047,1.21759,-0.206546,0.142997,0,0.187884,0.346969,0.486685,-0.0825591,0.0571575,5.30088
2019-02-01,2019-03-01,270.06,0.1614,9.61623,2.38544,2.86478,-0.338231,0.141109,0,0.0855017,0.8833,1.06079,-0.125243,0.0522509,3.56077
2019-03-01,2019-03-29,280.42,0.1357,8.39581,1.58497,1.93177,-0.130186,0.216614,0,0.117293,0.565212,0.688884,-0.0464255,0.0772464,2.99401
2019-04-01,2019-05-01,285.83,0.134,8.7462,3.1042,3.56885,-0.327017,0.137624,0,0.0599415,1.08603,1.24859,-0.114409,0.0481489,3.05993
2019-05-01,2019-05-31,291.81,0.148,9.86199,-0.862978,-0.489981,-0.160883,0.212114,0,0.153666,-0.295733,-0.167911,-0.0551327,0.0726892,3.37959
2019-06-03,2019-07-03,274.57,0.1886,11.8236,1.68025,0.938854,0.861917,0.120518,0,0.123486,0.611958,0.341936,0.313915,0.0438933,4.30623
2019-07-01,2019-07-31,295.66,0.1406,9.49308,3.72563,3.90158,0.0144584,0.190407,0,0.0802835,1.26011,1.31962,0.00489022,0.0644005,3.21081
2019-08-01,2019-08-30,294.84,0.1787,11.8301,-4.37821,-4.98057,0.883756,0.281396,0,0.23562,-1.48494,-1.68924,0.299741,0.0954403,4.01237
2019-09-03,2019-10-03,290.74,0.1966,13.0529,5.87207,4.22357,1.85404,0.205545,0,0.117612,2.0197,1.4527,0.637698,0.0706971,4.48953
2019-10-01,2019-10-31,293.24,0.1856,12.4295,2.94602,3.66958,-0.515833,0.207731,0,0.127239,1.00464,1.25139,-0.175908,0.07084,4.23867
2019-11-01,2019-11-29,306.14,0.123,8.31067,2.82047,3.41265,-0.446746,0.145437,0,0.0533561,0.921301,1.11474,-0.145929,0.0475066,2.71466
2019-12-02,2019-12-31,311.64,0.1491,10.4357,3.8617,3.33787,0.677429,0.153597,0,0.0703485,1.23915,1.07106,0.217375,0.0492866,3.34864
2020-01-02,2020-01-31,324.87,0.1247,9.09894,-3.78623,-0.807646,-2.69696,0.281615,0,0.117495,-1.16546,-0.248606,-0.830167,0.0866855,2.80079
2020-02-03,2020-03-04,324.12,0.1797,13.3039,-5.62708,-6.73202,1.34214,0.237201,0,0.334947,-1.73611,-2.07702,0.414089,0.073183,4.10461
2020-03-02,2020-04-01,309.09,0.3342,23.5916,-18.7677,-20.7977,2.21761,0.187599,0,0.921301,-6.07193,-6.7287,0.717464,0.0606939,7.63258
2020-04-01,2020-05-01,246.15,0.5706,32.0626,4.52486,5.3461,-0.685585,0.135648,0,0.382785,1.83825,2.17189,-0.278523,0.055108,13.0257
2020-05-01,2020-05-29,282.79,0.3719,23.2145,7.78245,8.94986,-0.984055,0.183355,0,0.203328,2.75203,3.16484,-0.347981,0.0648378,8.20911
2020-06-01,2020-07-01,305.55,0.2823,19.7123,0.607028,1.24895,-0.338546,0.303378,0,0.296051,0.198667,0.408755,-0.110799,0.0992893,6.45142
2020-07-01,2020-07-31,310.52,0.2862,20.3097,8.07266,8.84362,-0.585769,0.18519,0,0.135778,2.59972,2.848,-0.188641,0.0596387,6.54054
2020-08-03,2020-09-02,328.79,0.2428,18.2471,6.14127,6.96865,-0.666117,0.161261,0,0.109855,1.86784,2.11948,-0.202596,0.0490469,5.54976
2020-09-01,2020-10-01,352.6,0.2612,21.0504,-1.12783,-0.0987008,-0.822092,0.207035,0,0.244957,-0.31986,-0.0279923,-0.233151,0.0587166,5.97006
2020-10-01,2020-10-30,337.04,0.267,20.2227,2.59463,2.45771,0.403825,0.266904,0,0.209162,0.769828,0.729203,0.119815,0.0791905,6.0001
2020-11-02,2020-12-02,330.2,0.3713,28.0133,6.09653,7.29671,-1.03663,0.163556,0,0.174514,1.84631,2.20979,-0.313939,0.0495325,8.48373
2020-12-01,2020-12-31,366.02,0.2077,17.3792,10.7097,10.7415,0.171208,0.203029,0,0.0862759,2.926,2.93469,0.0467756,0.0554693,4.74815
2021-01-04,2021-02-03,368.79,0.2697,22.7338,6.96661,8.21529,-0.952889,0.295793,0,0.167195,1.88904,2.22763,-0.258383,0.0802063,6.16443
2021-02-01,2021-03-03,376.23,0.3024,26.0026,11.0876,11.3964,-0.0914542,0.217344,0,0.158236,2.94702,3.0291,-0.0243081,0.0577688,6.91136
2021-03-01,2021-03-31,389.58,0.2335,20.795,9.74247,10.0472,-0.0159787,0.288789,0,0.149885,2.50076,2.57899,-0.00410152,0.0741283,5.33779
2021-04-01,2021-04-30,400.61,0.1733,15.6077,2.93744,3.58577,-0.443296,0.205036,0,0.105319,0.733241,0.895077,-0.110655,0.0511811,3.89598
2021-05-03,2021-06-02,418.2,0.1831,17.5078,9.7456,8.57762,1.40846,0.24047,0,0.134708,2.33037,2.05108,0.33679,0.0575012,4.18647
2021-06-01,2021-07-01,419.67,0.179,17.1761,7.69351,8.10029,-0.132712,0.274072,0,0.0964861,1.83323,1.93016,-0.0316229,0.0653066,4.09277
2021-07-01,2021-07-30,430.43,0.1548,14.9801,2.75371,3.54487,-0.449365,0.341799,0,0.113286,0.639758,0.823566,-0.104399,0.0794088,3.48026
2021-08-02,2021-09-01,437.59,0.1946,19.4691,7.78156,8.84033,-0.793764,0.265007,0,0.086002,1.77828,2.02023,-0.181394,0.0605606,4.44916
2021-09-01,2021-10-01,451.8,0.1611,16.6429,2.48454,2.62378,0.135772,0.275011,0,0.140555,0.54992,0.580739,0.0300514,0.06087,3.68368
2021-10-01,2021-10-29,434.24,0.211,20.2377,5.30128,6.2049,-0.658573,0.245045,0,0.114989,1.22082,1.42891,-0.151661,0.0564308,4.6605
2021-11-01,2021-12-01,460.04,0.1641,17.2618,-0.502875,1.40649,-1.48339,0.425968,0,0.132473,-0.109311,0.305731,-0.322449,0.0925937,3.75223
2021-12-01,2021-12-31,450.5,0.3112,32.0434,10.5855,11.2133,-0.327532,0.300248,0,0.171904,2.34972,2.48908,-0.0727042,0.0666477,7.11284
2022-01-03,2022-02-02,477.71,0.166,18.1321,-0.117239,0.111602,-0.00937485,0.219466,0,0.187204,-0.0245419,0.0233619,-0.00196246,0.0459413,3.79562
2022-02-01,2022-03-03,452.95,0.2196,22.7376,-0.505932,0.406842,-0.567281,0.345494,0,0.22624,-0.111697,0.0898206,-0.125241,0.0762764,5.01989
2022-03-01,2022-03-31,429.98,0.3332,32.739,8.31213,9.19673,-0.556912,0.327691,0,0.234401,1.93314,2.13887,-0.12952,0.0762107,7.61407
2022-04-01,2022-04-29,452.92,0.1963,19.6331,0.457656,0.0773942,0.665811,0.285549,0,0.259579,0.101046,0.0170878,0.147004,0.0630462,4.33478
2022-05-02,2022-06-01,414.48,0.3234,30.6239,6.21324,4.67262,1.83194,0.291317,0,0.309347,1.49904,1.12734,0.441986,0.0702851,7.38851
2022-06-01,2022-07-01,409.59,0.2569,24.0392,-5.22584,-3.5588,-1.41782,0.249213,0,0.301165,-1.27587,-0.86887,-0.346156,0.0608445,5.86908
2022-07-01,2022-07-29,381.24,0.267,22.4621,4.89542,4.71683,0.44672,0.268129,0,0.198214,1.28408,1.23723,0.117175,0.0703309,5.89185
2022-08-01,2022-08-31,410.77,0.2284,21.4251,0.174802,1.93343,-1.37688,0.381742,0,0.201825,0.0425547,0.470684,-0.335196,0.0929333,5.21585
2022-09-01,2022-09-30,396.42,0.2556,22.7459,-0.696738,0.696644,-1.11869,0.274695,0,0.254111,-0.175757,0.175734,-0.282197,0.0692938,5.73783
2022-10-03,2022-11-02,366.61,0.301,25.1862,1.57494,1.90246,-0.00961234,0.317908,0,0.279005,0.429597,0.518934,-0.00262195,0.0867155,6.87004
2022-11-01,2022-12-01,384.52,0.2581,22.6522,-1.36028,-2.43793,1.3737,0.296053,0,0.273638,-0.353761,-0.634019,0.35725,0.0769929,5.89102
2022-12-01,2022-12-30,407.38,0.1984,18.1473,-1.7593,-0.386417,-1.13838,0.234502,0,0.190393,-0.431857,-0.0948542,-0.279439,0.0575635,4.45464
2023-01-03,2023-02-02,380.82,0.229,19.907,2.27964,2.97978,-0.47206,0.228079,0,0.176221,0.598615,0.782465,-0.123959,0.0598915,5.2274
2023-02-01,2023-03-03,410.8,0.1787,16.7684,1.67937,2.23257,-0.245501,0.307701,0,0.155455,0.408806,0.54347,-0.0597616,0.0749029,4.08189
2023-03-01,2023-03-31,394.74,0.2058,18.5498,2.14332,2.43117,0.134158,0.422013,0,0.191759,0.54297,0.615893,0.0339863,0.106909,4.69924
2023-04-03,2023-05-03,410.95,0.1855,17.4108,6.74675,6.90789,0.0947429,0.255883,0,0.121177,1.64175,1.68096,0.0230546,0.0622661,4.23671
2023-05-01,2023-05-31,415.51,0.1608,15.2694,4.74175,4.3228,0.793994,0.37504,0,0.128441,1.14119,1.04036,0.191089,0.0902602,3.67485
2023-06-01,2023-06-30,421.82,0.1565,14.8396,3.88523,2.8231,1.28064,0.218506,0,0.112626,0.921064,0.669266,0.303599,0.0518008,3.518
2023-07-03,2023-08-02,443.79,0.1357,13.7806,3.03374,3.75761,-0.456385,0.267495,0,0.0945541,0.683597,0.84671,-0.102838,0.060275,3.10521
2023-08-01,2023-08-31,456.48,0.1393,14.5516,1.44308,1.2418,0.456952,0.255675,0,0.127052,0.316132,0.272038,0.100103,0.05601,3.18778
2023-09-01,2023-09-29,451.19,0.1309,13.062,0.925536,0.783089,0.408355,0.265907,0,0.120717,0.205132,0.173561,0.0905062,0.0589347,2.89502
2023-10-02,2023-11-01,427.31,0.1761,17.1967,2.47192,2.43519,0.383241,0.346515,0,0.146659,0.578484,0.569889,0.0896869,0.0810922,4.02442
2023-11-01,2023-12-01,422.66,0.1687,16.2973,-0.800806,-0.175364,-0.428584,0.196858,0,0.124264,-0.189468,-0.0414905,-0.101402,0.0465759,3.85589
2023-12-01,2023-12-29,459.1,0.1263,12.8271,1.98714,1.47922,0.795296,0.28737,0,0.100313,0.432835,0.3222,0.173229,0.0625943,2.79396
2024-01-02,2024-02-01,472.65,0.132,14.2827,1.80174,2.45946,-0.361731,0.295987,0,0.117743,0.381201,0.520356,-0.0765325,0.0626229,3.02183
2024-02-01,2024-03-01,489.2,0.1388,15.2787,0.129856,0.0857079,0.346654,0.302506,0,0.120339,0.0265445,0.01752,0.0708613,0.0618368,3.1232
2024-03-01,2024-03-28,512.85,0.1311,14.6048,3.43668,3.39856,0.428726,0.390605,0,0.0992772,0.670114,0.662681,0.0835967,0.0761636,2.84778
2024-04-01,2024-05-01,522.16,0.1365,16.317,-0.0982151,0.0100973,0.227107,0.335419,0,0.136742,-0.0188094,0.00193376,0.0434938,0.0642369,3.12491
2024-05-01,2024-05-31,500.35,0.1539,17.6136,0.704767,1.57898,-0.663364,0.210849,0,0.101567,0.140855,0.315575,-0.13258,0.0421402,3.52026
2024-06-03,2024-07-03,527.8,0.1311,15.8468,4.00163,3.30901,0.925367,0.232743,0,0.0732031,0.758172,0.626944,0.175325,0.0440968,3.00242
2024-07-01,2024-07-31,545.34,0.1222,15.2711,-10.229,-5.92173,-3.75282,0.554496,0,0.144998,-1.87572,-1.08588,-0.688162,0.101679,2.8003
2024-08-01,2024-08-30,543.01,0.1859,22.6827,-1.58055,-0.579865,-0.579727,0.420957,0,0.190333,-0.291072,-0.106787,-0.106762,0.0775229,4.17721
2024-09-03,2024-10-03,552.08,0.2072,26.1316,9.05901,8.81044,0.565749,0.317187,0,0.115724,1.64089,1.59586,0.102476,0.0574531,4.7333
2024-10-01,2024-10-31,568.62,0.1926,25.0195,11.9263,10.9655,1.28841,0.327627,0,0.110789,2.09741,1.92844,0.226586,0.0576179,4.40003
2024-11-01,2024-11-29,571.04,0.2188,27.5701,5.86064,6.98666,-0.824977,0.301037,0,0.125256,1.02631,1.2235,-0.144469,0.0527174,4.82805
2024-12-02,2024-12-31,603.63,0.1334,18.1126,-5.41497,-3.17856,-1.71627,0.520136,0,0.142192,-0.897068,-0.526575,-0.284325,0.0861681,3.00061
2025-01-02,2025-01-31,584.64,0.1793,23.5492,3.47234,4.10341,-0.258259,0.372812,0,0.137142,0.593927,0.701869,-0.044174,0.0637677,4.02798
2025-02-03,2025-03-05,597.77,0.1862,25.4293,3.63943,5.36561,-1.21712,0.509072,0,0.146624,0.608834,0.897605,-0.203609,0.0851618,4.25403
2025-03-03,2025-04-02,583.77,0.2278,30.368,1.6604,2.4662,-0.361399,0.444399,0,0.201018,0.284428,0.422461,-0.0619078,0.0761257,5.20205
2025-04-01,2025-05-01,560.97,0.2177,27.8888,-27.4876,-23.0834,-3.90224,0.501957,0,0.510724,-4.90001,-4.11491,-0.695624,0.0894801,4.97153
2025-05-01,2025-05-30,558.47,0.246,30.8416,3.35546,5.3225,-1.65151,0.315527,0,0.172932,0.600831,0.953051,-0.295721,0.0564985,5.52252
2025-06-02,2025-07-02,592.71,0.1836,24.8624,7.78308,8.56386,-0.394269,0.386517,0,0.103534,1.31313,1.44487,-0.0665197,0.0652119,4.1947
2025-07-01,2025-07-31,617.65,0.1683,23.7567,9.43203,10.1869,-0.432483,0.322365,0,0.0681109,1.52708,1.6493,-0.0700207,0.0521922,3.84631
2025-08-01,2025-08-29,621.72,0.2038,27.964,8.05645,8.60182,-0.230223,0.31515,0,0.107191,1.29583,1.38355,-0.0370301,0.05069,4.49785
2025-09-02,2025-10-02,640.27,0.1717,25.1218,8.53402,8.52522,0.313464,0.304671,0,0.0701459,1.33288,1.3315,0.048958,0.0475847,3.92363
2025-10-01,2025-10-31,668.45,0.1629,24.8858,2.89298,4.05704,-0.626248,0.537817,0,0.142434,0.432789,0.606933,-0.0936866,0.0804574,3.72291
2025-11-03,2025-12-03,683.34,0.1717,26.8109,12.9677,9.40142,3.99433,0.428062,0,0.144618,1.89769,1.3758,0.58453,0.0626426,3.92352
2025-12-01,2025-12-30,680.27,0.1724,26.3486,15.1805,15.0657,0.505802,0.391013,0,0.0798723,2.23154,2.21467,0.0743531,0.057479,3.87325
