strategy,period,trades,mean,std,cvar95,worst,win_rate,sharpe,stock_cost
no hedge,2015-2025 (test),132,0.660905,2.63983,6.00413,-12.7232,0.681818,0.867268,0
no hedge,2005-2025 (full),252,0.880203,2.48692,5.6573,-12.7232,0.730159,1.22606,0
BS delta (implied vol),2015-2025 (test),132,0.621192,1.28981,2.78948,-6.07193,0.772727,1.66837,0.0655279
BS delta (implied vol),2005-2025 (full),252,0.697027,1.33015,2.8065,-6.07193,0.793651,1.81527,0.0660014
BS delta (forecast vol),2015-2025 (test),132,0.622429,1.32183,2.93907,-6.74405,0.787879,1.63119,0.0686243
BS delta (forecast vol),2005-2025 (full),252,0.688585,1.38261,3.05088,-6.74405,0.801587,1.72524,0.069626
Leland,2015-2025 (test),132,0.619827,1.29438,2.80045,-6.13547,0.772727,1.65881,0.0651639
Leland,2005-2025 (full),252,0.696292,1.33434,2.82196,-6.13547,0.789683,1.80765,0.0656244
Whalley-Wilmott band,2015-2025 (test),132,0.614481,1.52853,3.40014,-5.4593,0.742424,1.3926,0.0346082
Whalley-Wilmott band,2005-2025 (full),252,0.742201,1.5231,3.05572,-5.4593,0.75,1.68805,0.0340489
deep hedge (Heston-trained),2015-2025 (test),132,0.540719,1.21244,2.3346,-6.92172,0.742424,1.54491,0.0603871
deep hedge (history-trained),2015-2025 (test),132,0.816735,1.32677,2.15407,-7.72124,0.848485,2.13244,0.0522937
skew-adjusted delta (exploratory),2015-2025 (test),132,0.480088,0.974343,1.71187,-2.29654,0.719697,1.70686,0.0712189
skew-adjusted delta (exploratory),2005-2025 (full),252,0.604759,1.05918,1.74511,-2.56736,0.75,1.97789,0.0714993
