parameter,value
test_start,2015-01-01
stock_cost_per_side,0.0002
ww_risk_aversion,3.0
vix_beta,-1.231374070762555
ww_train_cvar95_g0.1,4.605511256444412
ww_train_cvar95_g0.3,3.7226288969324983
ww_train_cvar95_g1.0,2.9021581493305395
ww_train_cvar95_g3.0,2.562558167494531
ww_train_cvar95_g10.0,2.569892293822216
ww_train_cvar95_g30.0,2.6133692047309824
ww_train_cvar95_g100.0,2.723543105344626
heston_train_kappa,2.3027148665866597
heston_train_theta,0.08082325787155095
heston_train_xi,1.0742481795345207
heston_train_rho,-0.8328995340591878
history_windows,2747
forecast_qlike_test,0.36058759947864544
vix_qlike_test,0.38395652730211516
