entry,no hedge,BS delta (implied vol),BS delta (forecast vol),Leland,Whalley-Wilmott band,deep hedge (Heston-trained),deep hedge (history-trained),skew-adjusted delta (exploratory)
2005-01-03,2.365,0.874748,0.839465,0.882323,1.33037,1.27765,1.22335,1.50711
2005-02-01,0.810118,0.173021,0.128124,0.182359,0.713284,0.00735367,0.203052,-0.237248
2005-03-01,0.0583335,0.00124477,0.0554459,-0.00636145,-0.142786,0.110863,0.524461,0.465092
2005-04-01,1.68434,-0.193702,-0.144438,-0.194423,0.229913,0.233063,0.145771,0.337515
2005-05-02,-0.0621209,0.737384,0.804344,0.735103,0.620355,0.336575,0.435953,0.187179
2005-06-01,2.02431,1.17958,1.1333,1.19004,1.87144,1.3682,1.20519,1.25371
2005-07-01,-1.00076,0.126669,0.131345,0.111977,-0.352522,-0.40964,-0.100018,-0.480884
2005-08-01,1.9013,0.615228,0.614741,0.61532,0.675519,0.911073,1.15067,1.01508
2005-09-01,2.5116,1.50588,1.32047,1.52248,2.30856,1.60262,1.70121,1.41677
2005-10-03,2.16051,-0.351072,-0.178271,-0.370234,-0.0883024,0.233176,0.0833116,0.741497
2005-11-01,-1.74391,0.549997,1.06277,0.526591,-0.491237,-0.0901781,-0.00195649,-0.282366
2005-12-01,0.813741,1.01804,1.00751,1.02179,1.138,1.10429,1.12004,1.13717
2006-01-03,2.39765,0.152157,0.0745531,0.170484,1.2853,0.329433,0.820721,-0.184014
2006-02-01,2.54806,0.890922,0.616265,0.917655,2.1486,1.34534,1.37901,0.980455
2006-03-01,2.29413,1.40534,1.29518,1.4229,2.27359,1.63804,1.59768,1.3349
2006-04-03,1.76242,0.588208,0.530031,0.603094,1.44094,0.704612,0.835029,0.450958
2006-05-01,0.662661,-0.6143,-0.498299,-0.628034,-0.725829,-0.288465,-0.0315663,0.0443808
2006-06-01,2.14886,-0.211819,0.280173,-0.223626,-0.387398,0.412846,0.510159,0.765548
2006-07-03,2.77724,0.605783,0.234094,0.62924,1.16117,1.4769,1.0186,1.16828
2006-08-01,0.765613,1.19214,1.28402,1.1872,0.841547,0.834172,0.784735,0.761021
2006-09-01,1.01017,0.943037,0.941446,0.94323,0.903197,0.801403,0.614658,0.722724
2006-10-02,0.0456987,0.443764,0.58234,0.425306,-0.329269,-0.175946,-0.164565,-0.227789
2006-11-01,0.190399,0.371176,0.446159,0.358159,0.0220926,-0.204773,-0.154634,-0.148622
2006-12-01,1.58957,1.23537,1.26166,1.23248,1.05185,0.931823,1.02499,0.849877
2007-01-03,0.332787,0.858905,0.879091,0.856312,0.751628,0.575568,0.366467,0.595862
2007-02-01,-1.77579,-2.8937,-3.08378,-2.85661,-1.19514,-2.13123,-1.59525,-2.56736
2007-03-01,2.50831,0.448061,0.0447747,0.474345,1.8768,0.793645,0.924869,0.297207
2007-04-02,-1.85654,0.505145,0.95128,0.481804,-0.515483,-0.252113,-0.0192676,-0.302989
2007-05-01,-0.026463,0.695637,0.764799,0.689776,0.481788,0.162983,0.29345,0.139828
2007-06-01,0.465146,-0.464265,-0.44658,-0.465561,-0.309796,0.0911404,0.507089,0.230054
2007-07-02,0.00171131,-0.730999,-0.901662,-0.725825,-0.994763,-0.474806,-0.33706,-0.474513
2007-08-01,4.6318,0.459055,-1.13825,0.497654,2.49084,1.53898,1.59916,0.647999
2007-09-04,1.90476,1.82208,1.77994,1.82338,2.07416,1.54379,1.28004,1.29587
2007-10-01,3.85943,1.44399,0.833667,1.47096,2.81735,2.16845,1.99878,1.69785
2007-11-01,3.65541,-0.182169,0.258292,-0.193535,0.274899,0.62072,1.26614,1.21194
2007-12-03,3.54068,2.15482,1.58798,2.16854,2.7606,2.39263,2.74846,2.11275
2008-01-02,1.61137,0.0360624,0.72712,0.00691473,-0.819504,0.382363,0.496885,1.69958
2008-02-01,1.18085,1.87757,1.90362,1.8756,1.55805,2.30428,1.7851,2.73394
2008-03-03,3.61219,-1.8037,-3.02009,-1.75921,2.07317,-0.252533,-0.0961978,-1.45086
2008-04-01,1.88445,1.90315,1.84575,1.90455,1.68908,1.77883,1.65911,1.67357
2008-05-01,3.69919,1.85585,1.56254,1.8752,3.08677,2.34125,2.2592,2.09206
2008-06-02,-4.62257,-0.564981,-0.417361,-0.577663,-0.689394,-0.288645,0.0819586,0.492642
2008-07-01,4.20077,0.093398,-0.279872,0.113427,1.37773,1.15041,1.09671,1.0772
2008-08-01,2.90132,0.739573,0.44725,0.751443,1.91617,0.542807,0.914072,0.0787778
2008-09-02,-7.58201,-4.24994,-3.75696,-4.27894,-2.54423,-3.9667,0.401558,-1.98838
2008-10-01,-7.47288,-2.13081,0.279844,-2.19933,-3.50543,-3.0879,1.66224,2.14466
2008-11-03,2.17442,-3.15515,-5.96307,-3.18431,-2.12311,-2.3138,1.08359,0.842415
2008-12-01,5.72481,8.17818,8.21491,8.17895,7.60413,6.77053,6.0031,5.80223
2009-01-02,-2.24849,0.527239,0.683595,0.497259,-0.481329,0.601491,1.23964,2.89837
2009-02-02,-2.74472,1.46781,1.60092,1.4522,-0.293371,1.60235,2.57287,3.03914
2009-03-02,-2.79934,0.643858,0.844071,0.631127,1.23594,-1.22939,0.516399,-2.38477
2009-04-01,1.2296,2.45289,2.4455,2.45372,3.11023,1.41036,1.90137,0.708189
2009-05-01,2.51194,1.83215,1.60091,1.84238,3.38721,1.35383,1.64551,0.67685
2009-06-01,4.28943,2.47182,2.45133,2.47573,2.56688,2.94383,2.83625,3.28321
2009-07-01,-1.02592,0.523359,0.572754,0.519184,-1.02758,0.175771,-0.279614,-0.0560927
2009-08-03,5.22459,2.42256,2.1152,2.44401,3.82324,2.87474,2.99285,2.12884
2009-09-01,3.89689,2.33008,2.57716,2.31787,1.48862,1.52613,1.52235,0.828459
2009-10-01,5.77935,1.54414,1.54604,1.54645,2.06997,1.06615,1.258,0.248034
2009-11-02,0.162394,1.80472,1.85046,1.79753,1.10311,0.832945,0.972475,0.243089
2009-12-01,4.8851,3.66581,3.53709,3.67787,4.8035,3.84635,3.93136,3.45981
2010-01-04,1.49324,0.605431,0.667613,0.600607,0.571295,0.761246,1.00984,1.18738
2010-02-01,2.1931,1.63292,1.53633,1.6413,1.85025,1.64317,1.52053,1.30141
2010-03-01,-0.163568,1.47636,1.61395,1.45908,0.538085,0.745774,0.916002,0.429448
2010-04-01,3.07007,0.486538,0.569567,0.483885,1.14734,0.127876,1.09018,-0.26213
2010-05-03,-3.7098,-1.44412,-1.57708,-1.48271,-2.31773,-1.39579,0.0438381,0.572563
2010-06-01,3.68501,2.71421,2.5116,2.72442,2.60984,2.79956,2.8459,2.5829
2010-07-01,0.0747779,1.43271,1.65839,1.42121,1.00072,0.377798,0.897943,-0.185709
2010-08-02,1.21816,0.674561,0.825891,0.65505,0.183376,0.800396,1.40453,1.81868
2010-09-01,-0.209387,1.59049,1.59013,1.57535,0.855699,0.636872,1.17053,0.287188
2010-10-01,1.58389,1.8066,1.86399,1.80451,1.68633,1.41139,1.56082,1.0627
2010-11-01,2.89815,0.950096,0.392666,0.971545,2.63295,1.14579,1.39626,0.473776
2010-12-01,0.966109,2.20804,2.27872,2.19696,1.42508,1.63112,1.68042,1.25001
2011-01-03,1.31892,1.34872,1.40607,1.34554,1.35655,0.914303,1.02621,0.841714
2011-02-01,1.94297,0.683716,0.661167,0.693328,1.82402,0.4933,0.54529,0.161782
2011-03-01,3.53537,1.76281,1.5589,1.78011,1.60292,2.10438,2.35864,1.74633
2011-04-01,1.38037,1.72092,1.71857,1.72071,1.33898,1.65114,1.5586,1.64549
2011-05-02,0.463104,0.842631,0.931967,0.83575,0.680468,1.01962,0.895156,1.46173
2011-06-01,2.62958,-0.216804,-0.27993,-0.201224,-0.846262,0.37699,0.0435544,0.444452
2011-07-01,0.0787269,-0.0461567,-0.0284699,-0.0361114,0.992351,0.310641,0.428829,0.392477
2011-08-01,0.314419,-2.70719,-1.687,-2.76997,-3.68971,-2.51947,2.942,0.265037
2011-09-01,0.708196,0.749503,0.740632,0.751119,1.52131,1.21732,1.11791,1.81628
2011-10-03,-2.40922,1.68889,2.35768,1.66792,0.131699,-0.180907,1.24008,-1.2764
2011-11-01,5.51032,0.725025,0.569339,0.752335,0.697496,1.30029,1.89348,0.600987
2011-12-01,5.73538,3.02056,3.09015,3.04192,4.30791,3.60935,4.12771,3.00225
2012-01-03,1.18793,2.44146,2.54218,2.43505,1.76597,1.91721,1.79036,1.69933
2012-02-01,0.587606,1.40252,1.52406,1.39479,0.950631,0.852409,0.986841,0.613266
2012-03-01,1.64406,1.20452,1.16058,1.20832,1.15058,1.03765,0.890617,0.68355
2012-04-02,2.50497,0.708824,0.686027,0.714705,0.913527,1.28977,1.1522,1.5546
2012-05-01,-2.79076,0.35603,0.581814,0.322822,-0.875803,0.223442,-0.0386204,1.54604
2012-06-01,-0.308364,2.01261,2.1039,2.00724,1.62519,1.05653,0.829001,0.851474
2012-07-02,3.05044,0.732872,0.817978,0.759318,2.05312,1.24745,0.916626,0.762672
2012-08-01,1.74023,1.57792,1.58066,1.57776,1.50353,1.25278,1.3485,0.841501
2012-09-04,0.494805,1.40539,1.44794,1.40385,1.14474,0.821044,0.498733,0.483001
2012-10-01,1.65368,1.1135,1.04998,1.12046,1.62422,1.31806,1.38864,1.39493
2012-11-01,3.27627,1.11762,0.971541,1.13109,0.965238,1.5952,1.56732,1.81864
2012-12-03,0.545966,0.365934,0.346633,0.368071,0.167494,0.0159322,-0.305238,-0.182129
2013-01-02,-0.188859,1.28108,1.21322,1.27074,0.675983,0.890638,0.807567,0.775822
2013-02-01,2.2758,-0.239749,-0.445465,-0.198781,1.71629,0.434068,0.267626,-0.227714
2013-03-01,0.334743,1.30401,1.3036,1.29526,0.839112,0.837365,0.955803,0.638511
2013-04-01,1.67733,-0.498902,-0.779066,-0.473005,0.823599,-0.331109,0.34111,-0.844734
2013-05-01,0.0477569,0.208038,0.372371,0.182293,-0.802536,-0.360448,-0.447516,-0.853273
2013-06-03,1.85487,-0.622698,-0.809245,-0.603672,0.338989,-0.0323123,-0.101336,-0.00473687
2013-07-01,-0.811537,0.58498,0.698703,0.567028,-0.366095,-0.00738997,-0.0181558,-0.417538
2013-08-01,-1.1972,0.554091,0.690376,0.531652,-0.347666,0.509368,0.655791,1.19493
2013-09-03,1.83343,1.41375,1.53553,1.40344,0.601248,0.910267,0.371296,0.487563
2013-10-01,-0.25499,0.0658527,0.0911761,0.0628072,-0.387155,-0.0989769,-0.0242559,-0.461338
2013-11-01,0.216393,0.490347,0.497771,0.489042,0.457938,0.234769,0.389516,0.00932659
2013-12-02,0.895582,1.00784,0.920975,1.0132,1.2675,0.9254,0.649674,0.69974
2014-01-02,0.608555,0.180835,0.138952,0.183555,0.585556,0.326318,0.432184,0.499585
2014-02-03,-2.89568,0.839355,1.00079,0.820708,-0.266161,0.180557,0.469379,-0.516024
2014-03-03,1.55046,1.57771,1.49814,1.5827,1.81382,1.41685,1.43979,1.16379
2014-04-01,2.95404,1.10261,0.962779,1.12755,1.42555,1.72783,1.63682,1.52232
2014-05-01,0.670095,0.958466,0.933814,0.961042,1.03919,0.877178,0.803861,0.703254
2014-06-02,0.404707,1.22422,1.28211,1.21684,0.860759,0.852766,0.806333,0.746483
2014-07-01,0.551544,-0.308041,-0.452219,-0.289976,0.551544,-0.00540139,0.244013,-0.264762
2014-08-01,-0.502797,1.01196,1.10801,1.00037,0.373505,0.681337,0.73818,0.363173
2014-09-02,-0.303171,0.466529,0.468232,0.465036,0.465038,0.547367,0.885568,0.748056
2014-10-01,0.0597684,-0.469719,-0.580476,-0.449995,-1.12543,-0.110335,-0.839277,-0.373723
2014-11-03,0.335625,1.3464,1.37023,1.33853,0.791801,0.952532,0.863296,0.786942
2014-12-01,3.13164,0.2079,-0.162376,0.237524,0.0802872,0.873668,0.597871,0.231021
2015-01-02,1.01889,0.329591,0.182386,0.338323,1.14229,0.780674,0.496292,0.865786
2015-02-02,0.326755,0.994047,1.05851,0.981555,0.270452,0.407408,0.549196,-0.050758
2015-03-02,0.0156889,-0.2616,-0.197777,-0.265496,-0.191277,0.10017,0.194553,0.441641
2015-04-01,1.01517,1.04315,1.09292,1.03684,0.899201,0.633044,0.863808,0.412351
2015-05-01,2.60743,0.943225,0.83493,0.969654,2.52504,1.24464,1.40324,0.808748
2015-06-01,1.27154,0.334476,0.346266,0.333116,0.269883,0.520189,0.465994,0.663626
2015-07-01,2.23369,0.952898,0.883457,0.969542,1.90341,0.975384,0.676807,0.643332
2015-08-03,-3.98118,-0.661902,-0.511591,-0.696277,-1.74319,-1.64949,2.56367,0.16194
2015-09-01,6.98767,4.38203,4.4134,4.40053,5.03334,4.54171,4.78624,3.98057
2015-10-01,-3.15541,0.577808,0.672833,0.557597,-0.401877,-0.23455,0.654141,-0.857799
2015-11-02,2.35235,0.690811,0.625815,0.708757,1.16117,1.35302,1.15457,1.11722
2015-12-01,0.122625,-1.3147,-1.23816,-1.31643,-0.683063,-0.69564,-0.0783818,-0.233183
2016-01-04,-0.103048,-0.381228,0.0413493,-0.408435,-0.721349,-0.148776,-0.0978951,1.28967
2016-02-01,1.80514,-0.305768,-0.328826,-0.283525,-0.862222,0.356701,-0.0575385,-0.014303
2016-03-01,0.306755,1.64475,1.6267,1.63563,1.06102,1.12518,1.03314,0.860212
2016-04-01,2.60986,1.04511,0.863974,1.06797,2.23915,1.397,1.40544,0.978207
2016-05-02,2.2515,1.25224,1.09937,1.26742,1.93137,1.55115,1.31143,1.3298
2016-06-01,3.08122,-1.25929,-1.52809,-1.23798,-0.394108,-0.600709,-0.95599,-0.759909
2016-07-01,-0.166445,0.650858,0.56193,0.642113,0.190182,0.278737,0.217967,0.00426797
2016-08-01,2.64294,2.01336,1.8736,2.02484,2.64294,2.1144,2.15147,1.85343
2016-09-01,2.52995,-0.398456,-0.875686,-0.362841,1.89641,0.355645,0.618632,-0.071691
2016-10-03,0.304646,1.40485,1.42597,1.4002,1.15954,1.40525,1.71863,1.73538
2016-11-01,0.186845,0.775037,0.999333,0.764402,0.240843,0.284019,0.311805,-0.129702
2016-12-01,1.36021,1.04576,1.2253,1.03345,0.542473,0.617983,0.653991,0.21743
2017-01-03,1.81585,1.48982,1.45104,1.49412,1.58192,1.3771,1.40451,1.19993
2017-02-01,-2.04328,0.385545,0.637078,0.361689,-0.578974,-0.149084,0.238317,-0.341072
2017-03-01,1.18316,0.797667,0.830091,0.793437,0.524644,0.925074,0.857927,1.2204
2017-04-03,1.49287,1.06962,1.00164,1.07568,1.38791,1.11137,1.08552,0.900345
2017-05-01,1.15626,0.404668,0.277744,0.420671,1.08623,0.512245,0.616072,0.224149
2017-06-01,1.58311,0.345912,0.221096,0.369653,1.5112,0.691437,0.656314,0.333993
2017-07-03,0.40687,0.7494,0.762448,0.745942,0.516271,0.529007,0.505036,0.336794
2017-08-01,2.23907,0.317755,0.0353144,0.348051,1.68838,0.908081,0.936052,0.667192
2017-09-01,0.870622,1.19106,1.19506,1.18977,1.05474,1.01129,0.831928,0.951562
2017-10-02,0.112585,0.576041,0.660654,0.565285,0.174122,0.213985,0.329508,0.163356
2017-11-01,-0.373991,0.718257,0.775219,0.70938,0.198071,0.439322,0.364105,0.448777
2017-12-01,1.61799,1.35196,1.35435,1.35201,1.34339,1.21185,1.19219,1.00676
2018-01-02,-2.53159,-0.0813276,0.186653,-0.116709,-1.1951,-0.734401,0.502503,-0.871366
2018-02-01,-1.41023,-2.03116,-1.7463,-2.0719,-2.95283,-1.39351,3.9383,-0.295987
2018-03-01,3.26485,0.404978,0.365385,0.414634,0.00777261,0.67958,0.350681,0.447171
2018-04-02,3.17607,1.62413,1.5896,1.63026,2.00792,1.11661,1.27081,0.649582
2018-05-01,1.29377,0.837705,0.882858,0.833226,0.589391,0.346011,0.423527,0.179393
2018-06-01,2.12654,1.29453,1.27531,1.30303,1.35577,1.42687,1.50757,1.21317
2018-07-02,0.257792,0.77615,0.959336,0.76498,0.176468,0.207822,0.210552,-0.0192033
2018-08-01,-0.356471,0.748473,0.863231,0.736812,0.230522,0.293825,0.404934,0.215648
2018-09-04,2.88307,2.1781,2.03328,2.1887,2.88307,2.25417,2.27524,2.03813
2018-10-01,-4.48719,-0.832973,-0.246945,-0.88231,-2.3524,-1.06235,-1.02987,0.430892
2018-11-01,3.56757,0.20975,0.188245,0.236397,0.24983,0.676344,0.510785,0.554697
2018-12-03,-6.66484,-1.42648,-1.47543,-1.4622,-2.46146,-1.34122,-0.84712,0.180411
2019-01-02,-2.63492,0.346969,0.297468,0.340129,0.103057,-0.307806,0.239382,-0.804016
2019-02-01,-0.268911,0.8833,0.918481,0.874604,0.429539,0.380743,0.389715,0.255349
2019-03-01,2.26496,0.565212,0.250443,0.59108,1.64992,0.933602,0.844601,0.475258
2019-04-01,0.973721,1.08603,1.13666,1.07471,0.472482,0.701678,0.786279,0.602905
2019-05-01,-2.2818,-0.295733,-0.181852,-0.302822,-0.35364,0.198626,0.354011,0.607083
2019-06-03,-4.51026,0.611958,0.974294,0.586959,-0.5348,-0.268108,0.326223,-0.80908
2019-07-01,2.6177,1.26011,1.2495,1.26295,1.49122,1.15766,1.42782,0.852562
2019-08-01,3.20835,-1.48494,-1.9889,-1.44876,1.44855,-0.0518094,0.343555,-0.470863
2019-09-03,4.38665,2.0197,1.77215,2.04169,2.978,2.03882,2.13273,1.37678
2019-10-01,0.804015,1.00464,0.980956,1.00507,1.19447,0.856667,0.906452,0.498211
2019-11-01,0.049098,0.921301,0.99763,0.908393,0.279004,0.497408,0.442081,0.479525
2019-12-02,0.0733818,1.23915,1.45251,1.22425,0.519628,0.734615,0.735783,0.55002
2020-01-02,1.83764,-1.16546,-1.51094,-1.12605,0.68282,-0.555114,-0.133437,-1.40775
2020-02-03,0.635789,-1.73611,-1.65096,-1.74732,-4.16834,-2.30546,-7.72124,-1.58282
2020-03-02,-12.7232,-6.07193,-6.74405,-6.13547,-5.4593,-6.92172,2.03445,-1.71635
2020-04-01,-1.8589,1.83825,1.78592,1.826,0.783509,-0.233897,1.34624,-1.73534
2020-05-01,0.59628,2.75203,2.80602,2.74802,2.66692,2.01962,2.00598,1.56652
2020-06-01,4.82553,0.198667,-0.531302,0.235977,1.93574,0.772695,2.12687,-0.555161
2020-07-01,1.3886,2.59972,2.66317,2.59541,2.21001,1.86054,1.97079,1.56801
2020-08-03,-3.24273,1.86784,2.08174,1.85168,0.836191,0.899314,0.886863,0.799944
2020-09-01,1.55763,-0.31986,-0.136505,-0.33141,-0.32106,0.268219,0.365836,1.26505
2020-10-01,2.88514,0.769828,0.503218,0.786899,0.452232,1.29208,1.45787,0.589237
2020-11-02,-2.59684,1.84631,2.09872,1.83241,0.577861,0.583321,1.05228,-0.397676
2020-12-01,2.60104,2.926,2.92863,2.92549,2.82236,2.64474,2.50821,2.52307
2021-01-04,2.62347,1.88904,1.79668,1.8946,2.52883,1.37643,1.72786,0.940414
2021-02-01,5.53216,2.94702,2.85383,2.9564,3.95219,2.63187,3.07274,1.92625
2021-03-01,3.60528,2.50076,2.47843,2.51249,2.85873,2.68729,2.51127,2.25549
2021-04-01,-0.270144,0.733241,0.808765,0.71902,0.191547,0.0160848,0.483086,-0.203342
2021-05-03,3.67717,2.33037,2.12579,2.34633,2.80239,2.76096,2.77315,2.44277
2021-06-01,1.52889,1.83323,1.77681,1.83633,2.01278,1.67441,1.7361,1.43164
2021-07-01,1.60318,0.639758,0.557169,0.648218,1.1456,0.596619,0.85398,0.255567
2021-08-02,1.20198,1.77828,1.85992,1.77279,1.51064,1.33716,1.44674,1.13841
2021-09-01,-0.202874,0.54992,0.706299,0.533461,0.00812546,0.594787,0.865746,1.22713
2021-10-01,-1.09889,1.22082,1.28189,1.21029,0.648372,0.756185,0.753798,0.47025
2021-11-01,1.67862,-0.109311,-0.357599,-0.0861029,1.06038,0.330997,0.983984,-0.43591
2021-12-01,1.68362,2.34972,2.43695,2.34446,2.0358,1.6242,1.69727,1.06681
2022-01-03,-0.466208,-0.0245419,0.352461,-0.0564544,-1.08737,-0.214717,-0.26738,1.17206
2022-02-01,1.21458,-0.111697,-0.0719966,-0.11858,0.342497,0.307632,0.585725,0.975245
2022-03-01,2.57861,1.93314,1.95312,1.93146,2.01932,1.64542,1.7442,1.08711
2022-04-01,-4.69824,0.101046,0.3098,0.0814484,-0.388833,0.0922616,0.882789,1.12051
2022-05-02,6.21343,1.49904,1.37078,1.52559,2.89454,2.66373,2.98659,2.40002
2022-06-01,-1.04707,-1.27587,-0.938983,-1.30103,-1.88415,-1.0031,-0.93396,0.586981
2022-07-01,-2.16657,1.28408,1.37433,1.27885,1.4646,0.65001,0.40879,0.518802
2022-08-01,1.43042,0.0425547,-0.063845,0.0607759,-0.00311332,0.165212,-0.348018,-0.195482
2022-09-01,-4.14748,-0.175757,-0.126499,-0.183436,-0.827594,-0.0679919,0.0656605,0.535499
2022-10-03,4.63509,0.429597,0.346004,0.438739,1.22945,0.398061,0.880014,-0.362556
2022-11-01,-0.0340384,-0.353761,-0.536657,-0.344014,0.417429,-0.460211,-0.618989,-1.03566
2022-12-01,-1.65471,-0.431857,-0.349681,-0.451444,-0.747121,-0.0102269,-0.114525,0.885164
2023-01-03,-4.19671,0.598615,0.771284,0.587654,0.203192,-0.374568,0.180057,-0.616306
2023-02-01,2.48833,0.408806,0.39997,0.411097,0.892653,0.898003,1.44984,1.02888
2023-03-01,1.00658,0.54297,0.225908,0.562133,1.28925,0.73773,0.314283,0.332452
2023-04-03,3.53999,1.64175,1.44568,1.66376,3.36926,2.08403,2.01251,1.69394
2023-05-01,3.12671,1.14119,1.13393,1.16654,2.66743,1.72645,1.58045,1.20668
2023-06-01,-1.5546,0.921064,0.992786,0.906452,0.122863,0.132123,0.108519,0.110117
2023-07-03,1.69003,0.683597,0.727938,0.672529,0.323877,0.275904,0.296544,0.215326
2023-08-01,1.85899,0.316132,0.419111,0.301813,0.10971,0.782684,0.766671,1.26741
2023-09-01,-2.348,0.205132,0.269832,0.185842,-0.452558,0.349816,0.498537,0.843243
2023-10-02,2.9542,0.578484,0.525756,0.58507,0.800167,1.00805,1.04933,0.988227
2023-11-01,-4.74851,-0.189468,-0.0616947,-0.219103,-1.30354,-1.29325,-0.786086,-1.47044
2023-12-01,-0.725429,0.432835,0.598473,0.409992,-0.224486,-0.331007,-0.0486289,-0.194175
2024-01-02,-0.466461,0.381201,0.454315,0.370659,-0.00534001,-0.185007,-0.210694,-0.0704249
2024-02-01,-1.69801,0.0265445,0.00409316,0.0146916,-0.235603,-0.814217,-0.424473,-0.692387
2024-03-01,0.866224,0.670114,0.639263,0.675264,0.873273,0.554546,0.443337,0.429151
2024-04-01,-1.03825,-0.0188094,0.0931329,-0.0319888,-0.454689,0.368715,0.551245,0.917645
2024-05-01,-1.86442,0.140855,0.286628,0.112433,-1.04936,-0.835521,-0.672128,-0.949784
2024-06-03,-1.46711,0.758172,0.881162,0.739919,-0.0611535,-0.00252163,0.170366,0.0298707
2024-07-01,1.80954,-1.87572,-2.18328,-1.82977,-0.811126,-1.25139,-2.80422,-2.29654
2024-08-01,0.388015,-0.291072,-0.32336,-0.281931,-1.3654,-0.0438651,0.816748,-0.445479
2024-09-03,1.90203,1.64089,1.69242,1.63643,1.37174,1.20838,1.1669,0.965857
2024-10-01,4.41307,2.09741,2.01671,2.10569,2.62419,2.0559,2.39844,1.58864
2024-11-01,-0.673314,1.02631,1.13447,1.01782,0.308676,0.165052,0.124638,0.0261734
2024-12-02,0.103868,-0.897068,-1.07027,-0.878298,0.200472,-0.190154,0.103933,-0.431432
2025-01-02,1.10317,0.593927,0.628325,0.591356,0.642628,0.0867795,0.176365,-0.0608912
2025-02-03,1.80817,0.608834,0.527058,0.614848,0.486944,0.881107,0.911711,0.823009
2025-03-03,1.92283,0.284428,0.29158,0.284156,0.66461,1.15062,1.22607,1.4426
2025-04-01,4.5434,-4.90001,-4.73191,-4.90774,-4.52248,-1.43756,6.11397,-1.77382
2025-05-01,0.00470236,0.600831,0.990784,0.590548,0.0811032,-0.39753,-0.0091918,-0.682381
2025-06-02,-0.470593,1.31313,1.39573,1.30359,0.868982,0.706385,0.769125,0.674181
2025-07-01,1.52367,1.52708,1.61084,1.51937,1.06103,1.08835,1.2226,1.018
2025-08-01,0.760084,1.29583,1.35627,1.2886,0.84873,0.65615,0.833462,0.484394
2025-09-02,-0.584617,1.33288,1.49618,1.31809,0.480297,0.598942,0.655467,0.506306
2025-10-01,1.69886,0.432789,0.331196,0.442892,0.844748,0.49212,0.746286,0.214149
2025-11-03,3.85548,1.89769,1.71205,1.91536,1.64649,2.61627,2.20444,2.42381
2025-12-01,2.89406,2.23154,2.1566,2.2398,2.79508,2.19335,2.29007,2.01094
