expiry,T,quotes,implied_q,rmse_vol_points,atm_iv_market,atm_iv_model
2026-10-16,0.0383562,39,-0.0106401,1.60756,0.114228,0.107314
2026-10-23,0.0575342,39,-0.0059713,0.969668,0.117929,0.112321
2026-10-30,0.0767123,39,-0.00466067,0.7487,0.127356,0.117235
2026-11-06,0.0958904,37,-0.00482871,0.71632,0.132746,0.121796
2026-11-20,0.134247,39,-0.0029543,0.569907,0.137432,0.129283
2026-11-30,0.161644,39,-0.00110159,0.419524,0.135855,0.133588
2026-12-18,0.210959,39,0.00271933,0.347718,0.143547,0.139716
2026-12-31,0.246575,39,0.00805378,0.20663,0.142078,0.142797
2027-01-15,0.287671,39,0.00563069,0.199601,0.145999,0.14693
2027-01-29,0.326027,39,0.00521514,0.227418,0.148302,0.150001
2027-02-26,0.40274,33,0.00327877,0.263979,0.153657,0.155247
2027-03-19,0.460274,39,0.00380548,0.359979,0.156673,0.158131
2027-03-31,0.493151,39,0.00569152,0.411378,0.15662,0.159272
