strategy,metric,beta,trades,diff_vs_bs_delta,lo,hi,p,survives
default (M4),mean,-1.23137,132,-0.141104,-0.277045,-0.00249992,0.0468,True
default (M4),std,-1.23137,132,-0.315465,-0.556853,-0.0704365,0.0076,True
default (M4),cvar95,-1.23137,132,-1.07761,-2.60441,-0.0506883,0.038,True
VIX x0.80,mean,-1.23137,132,-0.137166,-0.273366,-0.00198977,0.0472,True
VIX x0.80,std,-1.23137,132,-0.228889,-0.418539,-0.0363188,0.0164,True
VIX x0.80,cvar95,-1.23137,132,-0.623293,-1.89356,0.275201,0.1988,True
VIX x0.85,mean,-1.23137,132,-0.138321,-0.274421,-0.00344545,0.046,True
VIX x0.85,std,-1.23137,132,-0.254046,-0.452524,-0.0471772,0.0136,True
VIX x0.85,cvar95,-1.23137,132,-0.78683,-2.11944,0.137081,0.0996,True
stock cost 0bp,mean,-1.23137,132,-0.135413,-0.270749,0.00229753,0.052,True
stock cost 0bp,std,-1.23137,132,-0.3138,-0.555217,-0.0682741,0.0076,True
stock cost 0bp,cvar95,-1.23137,132,-1.08032,-2.59369,-0.051837,0.038,True
stock cost 5bp,mean,-1.23137,132,-0.149641,-0.286893,-0.00994463,0.0344,True
stock cost 5bp,std,-1.23137,132,-0.317878,-0.559152,-0.0723205,0.0076,True
stock cost 5bp,cvar95,-1.23137,132,-1.07355,-2.60792,-0.048202,0.0372,True
stock cost 10bp,mean,-1.23137,132,-0.163868,-0.302995,-0.0224398,0.026,True
stock cost 10bp,std,-1.23137,132,-0.321679,-0.563005,-0.0757381,0.0072,True
stock cost 10bp,cvar95,-1.23137,132,-1.07683,-2.62068,-0.0505154,0.0356,True
rebalance every 2 days,mean,-1.23137,132,-0.151662,-0.290885,-0.0134899,0.0328,True
rebalance every 2 days,std,-1.23137,132,-0.270686,-0.449464,-0.0806556,0.0052,True
rebalance every 2 days,cvar95,-1.23137,132,-1.14398,-1.81546,-0.242435,0.012,True
rebalance every 5 days,mean,-1.23137,132,-0.182926,-0.32749,-0.0365964,0.0136,False
rebalance every 5 days,std,-1.23137,132,-0.249856,-0.454348,0.0013673,0.0508,False
rebalance every 5 days,cvar95,-1.23137,132,-1.58605,-2.42742,0.0802311,0.0692,False
9-day options at VIX9D,mean,-1.23137,132,-0.0274085,-0.0771055,0.019962,0.2568,True
9-day options at VIX9D,std,-1.23137,132,-0.111118,-0.177001,-0.0445791,0.0004,True
9-day options at VIX9D,cvar95,-1.23137,132,-0.468007,-0.832944,-0.147042,0.0016,True
93-day options at VIX3M,mean,-1.23137,130,-0.770531,-1.32478,-0.211537,0.0076,False
93-day options at VIX3M,std,-1.23137,130,0.106426,-0.35581,0.577274,0.6488,False
93-day options at VIX3M,cvar95,-1.23137,130,0.131143,-0.853526,1.5343,0.5756,False
"30-day, a new trade every day",mean,-1.23137,2748,-0.153702,-0.24604,-0.0555857,0.0028,True
"30-day, a new trade every day",std,-1.23137,2748,-0.234688,-0.401983,-0.072779,0.0016,True
"30-day, a new trade every day",cvar95,-1.23137,2748,-0.640118,-1.40822,-0.00223981,0.0492,True
beta from 2005-2009,mean,-1.16441,132,-0.133366,-0.261912,-0.00231107,0.0468,True
beta from 2005-2009,std,-1.16441,132,-0.319598,-0.553086,-0.0816359,0.0056,True
beta from 2005-2009,cvar95,-1.16441,132,-1.06127,-2.48548,-0.097522,0.028,True
beta from 2010-2014,mean,-1.41882,132,-0.162766,-0.319449,-0.0030294,0.0464,True
beta from 2010-2014,std,-1.41882,132,-0.289553,-0.548191,-0.0276075,0.028,True
beta from 2010-2014,cvar95,-1.41882,132,-1.11102,-2.58473,0.100667,0.0796,True
"beta from 2005-2025 (in-sample, for reference)",mean,-1.30242,132,-0.149315,-0.293117,-0.00270043,0.0468,True
"beta from 2005-2025 (in-sample, for reference)",std,-1.30242,132,-0.308091,-0.556513,-0.0560516,0.014,True
"beta from 2005-2025 (in-sample, for reference)",cvar95,-1.30242,132,-1.09495,-2.64363,0.00159792,0.0528,True
PLACEBO: beta with the wrong sign,mean,1.23137,132,0.13103,-0.00772164,0.266931,0.064,False
PLACEBO: beta with the wrong sign,std,1.23137,132,0.759584,0.489154,1.01855,0,False
PLACEBO: beta with the wrong sign,cvar95,1.23137,132,1.976,1.00483,3.08972,0,False
