setting,trades,first_entry,mean_per_100,mean_lo,mean_hi,sharpe,sharpe_lo,sharpe_hi,win_rate,worst,premium_survives
"default: VIX x1.00, 2bp, daily hedge, 30d, monthly",252,2005-01-03,0.697027,0.520073,0.894375,1.81527,1.24412,2.63214,0.793651,-6.07193,True
VIX x0.80,252,2005-01-03,-0.143121,-0.304449,0.0120101,-0.413521,-0.816696,0.0396675,0.531746,-5.90799,False
VIX x0.85,252,2005-01-03,0.0659727,-0.0930341,0.227578,0.187737,-0.244094,0.726048,0.59127,-5.94605,False
VIX x0.90,252,2005-01-03,0.275698,0.114842,0.444458,0.76622,0.286835,1.40283,0.670635,-5.98791,True
VIX x0.95,252,2005-01-03,0.48605,0.318394,0.668346,1.31073,0.78192,2.03542,0.746032,-6.03079,True
stock cost 0bp,252,2005-01-03,0.763029,0.586608,0.95853,1.99271,1.39701,2.85445,0.805556,-6.01123,True
stock cost 5bp,252,2005-01-03,0.598025,0.420305,0.796106,1.5506,1.01261,2.30746,0.769841,-6.16297,True
stock cost 10bp,252,2005-01-03,0.433022,0.25337,0.633471,1.11395,0.615205,1.78137,0.718254,-6.3147,True
option entry cost 1% of premium,252,2005-01-03,0.653317,0.478466,0.848071,1.7073,1.14212,2.50461,0.777778,-6.14832,True
option entry cost 3% of premium,252,2005-01-03,0.565896,0.39405,0.75433,1.48821,0.94084,2.25617,0.765873,-6.30112,True
"pessimistic: VIX x0.85, 5bp, 1% entry",252,2005-01-03,-0.0762639,-0.236637,0.0861348,-0.215614,-0.626623,0.263332,0.551587,-6.1026,False
"very pessimistic: VIX x0.80, 10bp, 3% entry",252,2005-01-03,-0.534286,-0.69954,-0.374709,-1.50615,-1.9213,-1.13134,0.333333,-6.33653,False
rebalance every 2 days,252,2005-01-03,0.753445,0.566237,0.957366,1.88336,1.37642,2.5578,0.793651,-4.723,True
rebalance every 5 days,252,2005-01-03,0.701711,0.491402,0.91241,1.33308,0.841929,2.01712,0.793651,-8.59174,True
9-day options at VIX9D (2011+),180,2011-01-03,0.164103,0.0585224,0.270081,0.664567,0.209876,1.28134,0.711111,-4.28765,True
"93-day options at VIX3M (2006+, overlapping)",231,2006-08-01,1.8207,1.34629,2.27603,,,,0.844156,-6.24901,True
"30-day, a new trade every day (overlapping)",5265,2005-01-03,0.718548,0.567638,0.858118,,,,0.806268,-10.6396,True
